{
  "phase1": {
    "accuracy": [
      0.4834456741809845,
      0.6425446271896362,
      0.6711599826812744,
      0.6844625473022461,
      0.699597954750061,
      0.7039139270782471,
      0.7075204253196716,
      0.7139647603034973,
      0.7193449139595032,
      0.7141421437263489,
      0.7185763120651245,
      0.7137282490730286,
      0.718162477016449,
      0.7210595011711121,
      0.7205273509025574,
      0.7231878638267517,
      0.7282724380493164,
      0.7221828103065491,
      0.7356627583503723,
      0.7299869656562805,
      0.7309329509735107,
      0.7325292825698853,
      0.7316424250602722,
      0.7390918731689453,
      0.7345394492149353,
      0.7341846823692322
    ],
    "loss": [
      1.6986944675445557,
      1.118513584136963,
      1.0093046426773071,
      0.9442355036735535,
      0.905547559261322,
      0.8790138363838196,
      0.8698858618736267,
      0.8426849246025085,
      0.8338820934295654,
      0.8511000871658325,
      0.8363659977912903,
      0.8462178707122803,
      0.8233349323272705,
      0.8371955156326294,
      0.824211835861206,
      0.8377487659454346,
      0.7976150512695312,
      0.8222628235816956,
      0.7903706431388855,
      0.790812075138092,
      0.7893490195274353,
      0.7781916856765747,
      0.7909102439880371,
      0.7821820378303528,
      0.7733544111251831,
      0.789534330368042
    ],
    "val_accuracy": [
      0.7784827351570129,
      0.8270344734191895,
      0.837517261505127,
      0.8521379232406616,
      0.8612414002418518,
      0.8598620891571045,
      0.8593103289604187,
      0.8637241125106812,
      0.8634482622146606,
      0.8604137897491455,
      0.8786206841468811,
      0.8753103613853455,
      0.8811034560203552,
      0.8747586011886597,
      0.8659310340881348,
      0.8780689835548401,
      0.8885517120361328,
      0.8733792901039124,
      0.8899310231208801,
      0.8907586336135864,
      0.8888275623321533,
      0.8896551728248596,
      0.887448251247406,
      0.887448251247406,
      0.8860689401626587,
      0.8857930898666382
    ],
    "val_loss": [
      0.7930228114128113,
      0.5954368710517883,
      0.5245450139045715,
      0.4862237572669983,
      0.44319355487823486,
      0.43938034772872925,
      0.44432559609413147,
      0.42500925064086914,
      0.4125123918056488,
      0.4310449957847595,
      0.40142473578453064,
      0.38313770294189453,
      0.3974601626396179,
      0.4032452404499054,
      0.4149644076824188,
      0.3851984739303589,
      0.36382919549942017,
      0.3903414011001587,
      0.36221933364868164,
      0.3650892376899719,
      0.36443471908569336,
      0.35799506306648254,
      0.3634488880634308,
      0.3686702251434326,
      0.3675574064254761,
      0.37412166595458984
    ],
    "learning_rate": [
      0.0010000000474974513,
      0.0010000000474974513,
      0.0010000000474974513,
      0.0010000000474974513,
      0.0010000000474974513,
      0.0010000000474974513,
      0.0010000000474974513,
      0.0010000000474974513,
      0.0010000000474974513,
      0.0010000000474974513,
      0.0010000000474974513,
      0.0010000000474974513,
      0.0010000000474974513,
      0.0010000000474974513,
      0.0010000000474974513,
      0.0010000000474974513,
      0.0005000000237487257,
      0.0005000000237487257,
      0.0005000000237487257,
      0.0005000000237487257,
      0.0005000000237487257,
      0.0005000000237487257,
      0.0005000000237487257,
      0.0002500000118743628,
      0.0002500000118743628,
      0.0002500000118743628
    ]
  },
  "phase2": {
    "accuracy": [
      0.7432304620742798,
      0.7580111026763916,
      0.7679437398910522,
      0.7796499729156494,
      0.778171956539154,
      0.7853848934173584,
      0.7954948544502258,
      0.8011115193367004,
      0.8046588897705078,
      0.8092113137245178,
      0.8139411211013794,
      0.8126404285430908,
      0.8173702359199524,
      0.8192621469497681,
      0.8252926468849182,
      0.82895827293396,
      0.8317370414733887,
      0.8307319283485413,
      0.8319143652915955,
      0.8349296450614929,
      0.8341610431671143,
      0.8388908505439758,
      0.8430294394493103,
      0.8404871821403503,
      0.8448622226715088,
      0.848350465297699,
      0.8540262579917908,
      0.8513066172599792,
      0.8514248728752136,
      0.8507745265960693,
      0.8523707985877991,
      0.8532576560974121,
      0.8571597337722778,
      0.8543218374252319,
      0.857218861579895,
      0.8546766042709351,
      0.8595837950706482,
      0.8594655394554138,
      0.8589925765991211,
      0.8550904393196106,
      0.8575736284255981,
      0.8610027432441711,
      0.8591699004173279,
      0.8585195541381836,
      0.861534833908081
    ],
    "loss": [
      0.7651686668395996,
      0.7047016024589539,
      0.6794571280479431,
      0.6554219722747803,
      0.6383538842201233,
      0.6185920834541321,
      0.5962156057357788,
      0.5840260982513428,
      0.5684176087379456,
      0.5605632066726685,
      0.5458342432975769,
      0.5475625991821289,
      0.5316371321678162,
      0.5182825326919556,
      0.5103832483291626,
      0.4954602122306824,
      0.4877951741218567,
      0.4905845522880554,
      0.4859195351600647,
      0.47308558225631714,
      0.46903324127197266,
      0.4637594521045685,
      0.4558400809764862,
      0.46051958203315735,
      0.4513823091983795,
      0.4436996281147003,
      0.4286971092224121,
      0.43659707903862,
      0.42879506945610046,
      0.43108639121055603,
      0.4342232942581177,
      0.42798689007759094,
      0.41453319787979126,
      0.4148178994655609,
      0.4152854382991791,
      0.4163157045841217,
      0.406648188829422,
      0.4055711030960083,
      0.41089683771133423,
      0.41661447286605835,
      0.40802597999572754,
      0.4105626940727234,
      0.399337500333786,
      0.40931135416030884,
      0.3919854760169983
    ],
    "val_accuracy": [
      0.8962758779525757,
      0.9004138112068176,
      0.9015172123908997,
      0.909517228603363,
      0.909517228603363,
      0.9133793115615845,
      0.9158620834350586,
      0.9194482564926147,
      0.9169655442237854,
      0.9213793277740479,
      0.9241379499435425,
      0.9205517172813416,
      0.9266206622123718,
      0.9274482727050781,
      0.9296551942825317,
      0.9324138164520264,
      0.9315862059593201,
      0.9346206784248352,
      0.9335172176361084,
      0.9371034502983093,
      0.9395862221717834,
      0.9371034502983093,
      0.9426206946372986,
      0.939862072467804,
      0.9412413835525513,
      0.9406896829605103,
      0.9423448443412781,
      0.9420689940452576,
      0.9428965449333191,
      0.9453793168067932,
      0.9459310173988342,
      0.9437241554260254,
      0.9448275566101074,
      0.9459310173988342,
      0.94648277759552,
      0.9453793168067932,
      0.9473103284835815,
      0.9473103284835815,
      0.94648277759552,
      0.94648277759552,
      0.9467586278915405,
      0.94648277759552,
      0.9481379389762878,
      0.94648277759552,
      0.947586178779602
    ],